n_neighbors,r_squared,rmse
2,0.8114601486082411,11.515158712530349
7,0.5913795441969356,16.952291044305532
8,0.574770921333112,17.29337765270503
8,0.574770921333112,17.29337765270503
10,0.5442604611699289,17.9030367121702
10,0.5442604611699289,17.9030367121702
13,0.5326314781425792,18.1300114018555
15,0.5269042336507788,18.24075788206265
18,0.5221040982060259,18.333061743402354
20,0.5186349556887601,18.39948311201297
